sample_id	chrom	start	end	cn_a	cn_b	is_gain	is_loss	is_wgd	is_normal	is_clonal
MediastinalLNMet_A12A-0020_CRUK_PC_0020_M1	chr1	762601	121350213	1	1	False	False	False	True	True
MediastinalLNMet_A12A-0020_CRUK_PC_0020_M1	chr1	145557808	146636772	1	1	False	False	False	False	False
MediastinalLNMet_A12A-0020_CRUK_PC_0020_M1	chr1	147195469	150223285	1	1	False	False	False	False	False
MediastinalLNMet_A12A-0020_CRUK_PC_0020_M1	chr1	151698793	152737228	1	1	False	False	False	False	False
MediastinalLNMet_A12A-0020_CRUK_PC_0020_M1	chr1	155182164	169739222	1	1	False	False	False	True	True
MediastinalLNMet_A12A-0020_CRUK_PC_0020_M1	chr1	170782472	179664188	1	1	False	False	False	True	True
MediastinalLNMet_A12A-0020_CRUK_PC_0020_M1	chr1	181086122	182264659	1	1	False	False	False	False	False
MediastinalLNMet_A12A-0020_CRUK_PC_0020_M1	chr1	182289483	199080141	1	1	False	False	False	True	True
MediastinalLNMet_A12A-0020_CRUK_PC_0020_M1	chr1	199502979	203043246	1	1	False	False	False	True	True
MediastinalLNMet_A12A-0020_CRUK_PC_0020_M1	chr1	203045054	204446688	1	1	False	False	False	False	False
MediastinalLNMet_A12A-0020_CRUK_PC_0020_M1	chr1	204785806	205878685	1	1	False	False	False	True	True
MediastinalLNMet_A12A-0020_CRUK_PC_0020_M1	chr1	206612038	207813834	1	1	False	False	False	False	False
MediastinalLNMet_A12A-0020_CRUK_PC_0020_M1	chr1	207854703	209516399	1	1	False	False	False	False	False
MediastinalLNMet_A12A-0020_CRUK_PC_0020_M1	chr1	209525363	217237449	1	1	False	False	False	True	True
MediastinalLNMet_A12A-0020_CRUK_PC_0020_M1	chr1	217242800	218389867	1	1	False	False	False	False	False
MediastinalLNMet_A12A-0020_CRUK_PC_0020_M1	chr1	218455803	220239640	1	1	False	False	False	False	False
MediastinalLNMet_A12A-0020_CRUK_PC_0020_M1	chr1	220335430	228911862	1	1	False	False	False	True	True
MediastinalLNMet_A12A-0020_CRUK_PC_0020_M1	chr1	229804873	230909600	1	1	False	False	False	True	True
MediastinalLNMet_A12A-0020_CRUK_PC_0020_M1	chr1	232970242	249222325	1	1	False	False	False	True	True
MediastinalLNMet_A12A-0020_CRUK_PC_0020_M1	chr2	172814	92263350	1	1	False	False	False	True	True
MediastinalLNMet_A12A-0020_CRUK_PC_0020_M1	chr2	95327015	96784030	1	1	False	False	False	True	True
MediastinalLNMet_A12A-0020_CRUK_PC_0020_M1	chr2	96820021	136269178	1	1	False	False	False	True	True
MediastinalLNMet_A12A-0020_CRUK_PC_0020_M1	chr2	136270765	171622510	1	1	False	False	False	True	True
MediastinalLNMet_A12A-0020_CRUK_PC_0020_M1	chr2	171639622	211636502	1	1	False	False	False	True	True
MediastinalLNMet_A12A-0020_CRUK_PC_0020_M1	chr2	212320986	242985752	1	1	False	False	False	True	True
MediastinalLNMet_A12A-0020_CRUK_PC_0020_M1	chr3	62759	7094776	2	1	False	False	False	False	True
MediastinalLNMet_A12A-0020_CRUK_PC_0020_M1	chr3	7099203	9348361	2	1	False	False	False	False	True
MediastinalLNMet_A12A-0020_CRUK_PC_0020_M1	chr3	9350167	12484985	0	1	False	False	False	False	True
MediastinalLNMet_A12A-0020_CRUK_PC_0020_M1	chr3	12639890	31218207	2	1	False	False	False	False	True
MediastinalLNMet_A12A-0020_CRUK_PC_0020_M1	chr3	31219954	32381015	0	1	False	False	False	False	True
MediastinalLNMet_A12A-0020_CRUK_PC_0020_M1	chr3	32384600	45261300	2	1	False	False	False	False	True
MediastinalLNMet_A12A-0020_CRUK_PC_0020_M1	chr3	45280687	48793647	0	1	False	False	False	False	True
MediastinalLNMet_A12A-0020_CRUK_PC_0020_M1	chr3	49570215	51362966	0	1	False	False	False	False	True
MediastinalLNMet_A12A-0020_CRUK_PC_0020_M1	chr3	51373150	69245454	2	1	False	False	False	False	True
MediastinalLNMet_A12A-0020_CRUK_PC_0020_M1	chr3	70129775	71279339	1	0	False	True	False	False	False
MediastinalLNMet_A12A-0020_CRUK_PC_0020_M1	chr3	72606951	90504645	2	1	False	False	False	False	True
MediastinalLNMet_A12A-0020_CRUK_PC_0020_M1	chr3	93505756	96677863	2	1	False	False	False	False	True
MediastinalLNMet_A12A-0020_CRUK_PC_0020_M1	chr3	96808689	131498662	2	1	False	False	False	False	True
MediastinalLNMet_A12A-0020_CRUK_PC_0020_M1	chr3	131906447	153774462	2	1	False	False	False	False	True
MediastinalLNMet_A12A-0020_CRUK_PC_0020_M1	chr3	154441238	197846280	2	1	False	False	False	False	True
MediastinalLNMet_A12A-0020_CRUK_PC_0020_M1	chr4	75893	31794178	1	1	False	False	False	True	True
MediastinalLNMet_A12A-0020_CRUK_PC_0020_M1	chr4	32851818	49660116	1	1	False	False	False	True	True
MediastinalLNMet_A12A-0020_CRUK_PC_0020_M1	chr4	52660118	79865281	1	1	False	False	False	True	True
MediastinalLNMet_A12A-0020_CRUK_PC_0020_M1	chr4	79870075	102178058	1	0	False	False	False	False	True
MediastinalLNMet_A12A-0020_CRUK_PC_0020_M1	chr4	102178892	190789029	1	1	False	False	False	True	True
MediastinalLNMet_A12A-0020_CRUK_PC_0020_M1	chr5	850687	46099490	1	1	False	False	False	True	True
MediastinalLNMet_A12A-0020_CRUK_PC_0020_M1	chr5	49441752	112998512	1	1	False	False	False	True	True
MediastinalLNMet_A12A-0020_CRUK_PC_0020_M1	chr5	113002396	129091339	1	1	False	False	False	False	False
MediastinalLNMet_A12A-0020_CRUK_PC_0020_M1	chr5	129092321	180729006	1	1	False	False	False	True	True
MediastinalLNMet_A12A-0020_CRUK_PC_0020_M1	chr6	147750	29140207	2	1	True	False	False	False	False
MediastinalLNMet_A12A-0020_CRUK_PC_0020_M1	chr6	29143063	32433057	2	1	True	False	False	False	False
MediastinalLNMet_A12A-0020_CRUK_PC_0020_M1	chr6	32745886	57301314	2	1	True	False	False	False	False
MediastinalLNMet_A12A-0020_CRUK_PC_0020_M1	chr6	57448789	58558261	2	1	False	False	False	False	False
MediastinalLNMet_A12A-0020_CRUK_PC_0020_M1	chr6	61939862	63266805	2	0	False	False	False	False	False
MediastinalLNMet_A12A-0020_CRUK_PC_0020_M1	chr6	63303391	65403789	2	0	False	False	False	False	False
MediastinalLNMet_A12A-0020_CRUK_PC_0020_M1	chr6	65984929	157300795	2	0	False	False	False	False	False
MediastinalLNMet_A12A-0020_CRUK_PC_0020_M1	chr6	157302606	170912826	2	0	False	False	False	False	False
MediastinalLNMet_A12A-0020_CRUK_PC_0020_M1	chr7	81237	1526534	2	1	True	False	False	False	False
MediastinalLNMet_A12A-0020_CRUK_PC_0020_M1	chr7	2594181	6367714	2	1	True	False	False	False	False
MediastinalLNMet_A12A-0020_CRUK_PC_0020_M1	chr7	6371078	7455289	2	1	True	False	False	False	False
MediastinalLNMet_A12A-0020_CRUK_PC_0020_M1	chr7	7462045	58053551	2	1	True	False	False	False	False
MediastinalLNMet_A12A-0020_CRUK_PC_0020_M1	chr7	61058365	62276972	2	1	True	False	False	False	False
MediastinalLNMet_A12A-0020_CRUK_PC_0020_M1	chr7	62634594	63965346	2	1	True	False	False	False	False
MediastinalLNMet_A12A-0020_CRUK_PC_0020_M1	chr7	64730642	65769833	2	1	True	False	False	False	False
MediastinalLNMet_A12A-0020_CRUK_PC_0020_M1	chr7	66765588	103213513	2	1	True	False	False	False	False
MediastinalLNMet_A12A-0020_CRUK_PC_0020_M1	chr7	103228457	107133166	2	1	True	False	False	False	False
MediastinalLNMet_A12A-0020_CRUK_PC_0020_M1	chr7	107134828	117576675	2	1	True	False	False	False	False
MediastinalLNMet_A12A-0020_CRUK_PC_0020_M1	chr7	117745213	119889146	2	1	True	False	False	False	False
MediastinalLNMet_A12A-0020_CRUK_PC_0020_M1	chr7	120367739	121677000	2	1	True	False	False	False	False
MediastinalLNMet_A12A-0020_CRUK_PC_0020_M1	chr7	123162050	124303640	2	1	True	False	False	False	False
MediastinalLNMet_A12A-0020_CRUK_PC_0020_M1	chr7	126331987	127482600	2	1	True	False	False	False	False
MediastinalLNMet_A12A-0020_CRUK_PC_0020_M1	chr7	127786919	130577079	2	1	True	False	False	False	False
MediastinalLNMet_A12A-0020_CRUK_PC_0020_M1	chr7	131844750	133744637	2	1	True	False	False	False	False
MediastinalLNMet_A12A-0020_CRUK_PC_0020_M1	chr7	133949345	135731979	2	1	True	False	False	False	False
MediastinalLNMet_A12A-0020_CRUK_PC_0020_M1	chr7	135736143	137542900	2	1	True	False	False	False	False
MediastinalLNMet_A12A-0020_CRUK_PC_0020_M1	chr7	138856549	141104385	2	1	True	False	False	False	False
MediastinalLNMet_A12A-0020_CRUK_PC_0020_M1	chr7	141697754	142939829	2	1	True	False	False	False	False
MediastinalLNMet_A12A-0020_CRUK_PC_0020_M1	chr7	145710748	148086718	2	1	True	False	False	False	False
MediastinalLNMet_A12A-0020_CRUK_PC_0020_M1	chr7	150000008	151172210	2	1	True	False	False	False	False
MediastinalLNMet_A12A-0020_CRUK_PC_0020_M1	chr7	151177134	156185042	2	1	True	False	False	False	False
MediastinalLNMet_A12A-0020_CRUK_PC_0020_M1	chr7	156332415	159127195	2	1	True	False	False	False	False
MediastinalLNMet_A12A-0020_CRUK_PC_0020_M1	chr8	162134	1597576	1	0	False	False	False	False	True
MediastinalLNMet_A12A-0020_CRUK_PC_0020_M1	chr8	1603117	8880515	1	0	False	False	False	False	True
MediastinalLNMet_A12A-0020_CRUK_PC_0020_M1	chr8	8880818	13828631	1	0	False	False	False	False	True
MediastinalLNMet_A12A-0020_CRUK_PC_0020_M1	chr8	13830193	37404478	1	0	False	False	False	False	True
MediastinalLNMet_A12A-0020_CRUK_PC_0020_M1	chr8	46858994	48708742	1	1	False	False	False	False	False
MediastinalLNMet_A12A-0020_CRUK_PC_0020_M1	chr8	48714335	49860832	1	1	False	False	False	False	False
MediastinalLNMet_A12A-0020_CRUK_PC_0020_M1	chr8	49870835	64593001	1	1	False	False	False	False	False
MediastinalLNMet_A12A-0020_CRUK_PC_0020_M1	chr8	64675957	76509960	1	1	False	False	False	False	False
MediastinalLNMet_A12A-0020_CRUK_PC_0020_M1	chr8	78272419	79277739	1	1	False	False	False	False	False
MediastinalLNMet_A12A-0020_CRUK_PC_0020_M1	chr8	79279337	146301295	1	1	False	False	False	False	False
MediastinalLNMet_A12A-0020_CRUK_PC_0020_M1	chr9	205168	2062429	1	1	False	False	False	False	False
MediastinalLNMet_A12A-0020_CRUK_PC_0020_M1	chr9	2066854	14882998	1	1	False	False	False	False	False
MediastinalLNMet_A12A-0020_CRUK_PC_0020_M1	chr9	14896900	29431404	1	1	False	False	False	False	False
MediastinalLNMet_A12A-0020_CRUK_PC_0020_M1	chr9	29431762	38773739	1	1	False	False	False	False	False
MediastinalLNMet_A12A-0020_CRUK_PC_0020_M1	chr9	71032984	79836406	1	1	False	False	False	False	False
MediastinalLNMet_A12A-0020_CRUK_PC_0020_M1	chr9	79839847	81210029	1	1	False	False	False	False	False
MediastinalLNMet_A12A-0020_CRUK_PC_0020_M1	chr9	81239018	101595280	1	1	False	False	False	False	False
MediastinalLNMet_A12A-0020_CRUK_PC_0020_M1	chr9	101632768	141069765	1	1	False	False	False	False	False
MediastinalLNMet_A12A-0020_CRUK_PC_0020_M1	chr10	90127	39254934	1	1	False	False	False	True	True
MediastinalLNMet_A12A-0020_CRUK_PC_0020_M1	chr10	42254936	108518084	1	1	False	False	False	True	True
MediastinalLNMet_A12A-0020_CRUK_PC_0020_M1	chr10	108958853	135235890	1	1	False	False	False	True	True
MediastinalLNMet_A12A-0020_CRUK_PC_0020_M1	chr11	199911	33765897	1	1	False	False	False	True	True
MediastinalLNMet_A12A-0020_CRUK_PC_0020_M1	chr11	33766495	36722371	1	0	False	False	False	False	True
MediastinalLNMet_A12A-0020_CRUK_PC_0020_M1	chr11	36723455	46702608	1	1	False	False	False	True	True
MediastinalLNMet_A12A-0020_CRUK_PC_0020_M1	chr11	47453722	51202412	1	1	False	False	False	True	True
MediastinalLNMet_A12A-0020_CRUK_PC_0020_M1	chr11	54800157	134935281	1	1	False	False	False	True	True
MediastinalLNMet_A12A-0020_CRUK_PC_0020_M1	chr12	188197	34856693	1	1	False	False	False	True	True
MediastinalLNMet_A12A-0020_CRUK_PC_0020_M1	chr12	37856695	55174895	1	1	False	False	False	True	True
MediastinalLNMet_A12A-0020_CRUK_PC_0020_M1	chr12	55499266	57890319	1	1	False	False	False	True	True
MediastinalLNMet_A12A-0020_CRUK_PC_0020_M1	chr12	57904997	58941561	1	1	False	False	False	True	True
MediastinalLNMet_A12A-0020_CRUK_PC_0020_M1	chr12	58963944	62729782	1	1	False	False	False	True	True
MediastinalLNMet_A12A-0020_CRUK_PC_0020_M1	chr12	62730305	66423323	1	0	False	False	False	False	True
MediastinalLNMet_A12A-0020_CRUK_PC_0020_M1	chr12	66457909	133839356	1	1	False	False	False	True	True
MediastinalLNMet_A12A-0020_CRUK_PC_0020_M1	chr13	19449788	33259007	1	1	False	False	False	True	True
MediastinalLNMet_A12A-0020_CRUK_PC_0020_M1	chr13	33260787	39194178	1	0	False	False	False	False	True
MediastinalLNMet_A12A-0020_CRUK_PC_0020_M1	chr13	39985230	76088638	1	0	False	False	False	False	True
MediastinalLNMet_A12A-0020_CRUK_PC_0020_M1	chr13	76097391	93014553	1	1	False	False	False	True	True
MediastinalLNMet_A12A-0020_CRUK_PC_0020_M1	chr13	93049119	97813500	1	0	False	False	False	False	True
MediastinalLNMet_A12A-0020_CRUK_PC_0020_M1	chr13	97816159	112992192	1	1	False	False	False	True	True
MediastinalLNMet_A12A-0020_CRUK_PC_0020_M1	chr13	112998223	114999838	1	1	False	False	False	True	True
MediastinalLNMet_A12A-0020_CRUK_PC_0020_M1	chr14	20425051	107289436	1	1	False	False	False	False	False
MediastinalLNMet_A12A-0020_CRUK_PC_0020_M1	chr15	22765381	102429049	1	1	False	False	False	True	True
MediastinalLNMet_A12A-0020_CRUK_PC_0020_M1	chr16	91423	35335800	1	1	False	False	False	True	True
MediastinalLNMet_A12A-0020_CRUK_PC_0020_M1	chr16	38335802	63351897	1	1	False	False	False	True	True
MediastinalLNMet_A12A-0020_CRUK_PC_0020_M1	chr16	63355102	89990843	1	1	False	False	False	True	True
MediastinalLNMet_A12A-0020_CRUK_PC_0020_M1	chr17	1397	5490362	1	1	False	False	False	True	True
MediastinalLNMet_A12A-0020_CRUK_PC_0020_M1	chr17	5522756	17128156	1	0	False	False	False	False	True
MediastinalLNMet_A12A-0020_CRUK_PC_0020_M1	chr17	17130237	18289210	1	1	False	False	False	True	True
MediastinalLNMet_A12A-0020_CRUK_PC_0020_M1	chr17	18782865	20901485	1	0	False	False	False	False	True
MediastinalLNMet_A12A-0020_CRUK_PC_0020_M1	chr17	20903068	22109712	1	1	False	False	False	True	True
MediastinalLNMet_A12A-0020_CRUK_PC_0020_M1	chr17	25417545	79925460	1	1	False	False	False	True	True
MediastinalLNMet_A12A-0020_CRUK_PC_0020_M1	chr18	132649	15460897	1	1	False	False	False	True	True
MediastinalLNMet_A12A-0020_CRUK_PC_0020_M1	chr18	18460899	78017128	1	1	False	False	False	True	True
MediastinalLNMet_A12A-0020_CRUK_PC_0020_M1	chr19	249357	24399717	1	1	False	False	False	True	True
MediastinalLNMet_A12A-0020_CRUK_PC_0020_M1	chr19	27741196	43167860	1	1	False	False	False	True	True
MediastinalLNMet_A12A-0020_CRUK_PC_0020_M1	chr19	43833506	59097308	1	1	False	False	False	True	True
MediastinalLNMet_A12A-0020_CRUK_PC_0020_M1	chr20	20000786	25599560	1	0	False	False	False	False	True
MediastinalLNMet_A12A-0020_CRUK_PC_0020_M1	chr20	29420551	62955706	1	2	False	False	False	False	True
MediastinalLNMet_A12A-0020_CRUK_PC_0020_M1	chr21	15309979	39845030	1	1	False	False	False	True	True
MediastinalLNMet_A12A-0020_CRUK_PC_0020_M1	chr21	39845940	42870522	1	0	False	False	False	False	True
MediastinalLNMet_A12A-0020_CRUK_PC_0020_M1	chr21	42875652	48101335	1	1	False	False	False	True	True
MediastinalLNMet_A12A-0020_CRUK_PC_0020_M1	chr22	16628768	49997909	1	1	False	False	False	True	True
ParaaorticLNMet_A12C-0020_CRUK_PC_0020_M2	chr1	762601	121350213	1	1	False	False	False	True	True
ParaaorticLNMet_A12C-0020_CRUK_PC_0020_M2	chr1	145557808	146636772	1	1	False	False	False	False	False
ParaaorticLNMet_A12C-0020_CRUK_PC_0020_M2	chr1	147195469	150223285	1	1	False	False	False	False	False
ParaaorticLNMet_A12C-0020_CRUK_PC_0020_M2	chr1	151698793	152737228	1	1	False	False	False	False	False
ParaaorticLNMet_A12C-0020_CRUK_PC_0020_M2	chr1	155182164	169739222	1	1	False	False	False	True	True
ParaaorticLNMet_A12C-0020_CRUK_PC_0020_M2	chr1	170782472	179664188	1	1	False	False	False	True	True
ParaaorticLNMet_A12C-0020_CRUK_PC_0020_M2	chr1	181086122	182264659	1	1	False	False	False	False	False
ParaaorticLNMet_A12C-0020_CRUK_PC_0020_M2	chr1	182289483	199080141	1	1	False	False	False	True	True
ParaaorticLNMet_A12C-0020_CRUK_PC_0020_M2	chr1	199502979	203043246	1	1	False	False	False	True	True
ParaaorticLNMet_A12C-0020_CRUK_PC_0020_M2	chr1	203045054	204446688	1	1	False	False	False	False	False
ParaaorticLNMet_A12C-0020_CRUK_PC_0020_M2	chr1	204785806	205878685	1	1	False	False	False	True	True
ParaaorticLNMet_A12C-0020_CRUK_PC_0020_M2	chr1	206612038	207813834	1	1	False	False	False	False	False
ParaaorticLNMet_A12C-0020_CRUK_PC_0020_M2	chr1	207854703	209516399	1	1	False	False	False	False	False
ParaaorticLNMet_A12C-0020_CRUK_PC_0020_M2	chr1	209525363	217237449	1	1	False	False	False	True	True
ParaaorticLNMet_A12C-0020_CRUK_PC_0020_M2	chr1	217242800	218389867	1	1	False	False	False	False	False
ParaaorticLNMet_A12C-0020_CRUK_PC_0020_M2	chr1	218455803	220239640	1	1	False	False	False	False	False
ParaaorticLNMet_A12C-0020_CRUK_PC_0020_M2	chr1	220335430	228911862	1	1	False	False	False	True	True
ParaaorticLNMet_A12C-0020_CRUK_PC_0020_M2	chr1	229804873	230909600	1	1	False	False	False	True	True
ParaaorticLNMet_A12C-0020_CRUK_PC_0020_M2	chr1	232970242	249222325	1	1	False	False	False	True	True
ParaaorticLNMet_A12C-0020_CRUK_PC_0020_M2	chr2	172814	92263350	1	1	False	False	False	True	True
ParaaorticLNMet_A12C-0020_CRUK_PC_0020_M2	chr2	95327015	96784030	1	1	False	False	False	True	True
ParaaorticLNMet_A12C-0020_CRUK_PC_0020_M2	chr2	96820021	136269178	1	1	False	False	False	True	True
ParaaorticLNMet_A12C-0020_CRUK_PC_0020_M2	chr2	136270765	171622510	1	1	False	False	False	True	True
ParaaorticLNMet_A12C-0020_CRUK_PC_0020_M2	chr2	171639622	211636502	1	1	False	False	False	True	True
ParaaorticLNMet_A12C-0020_CRUK_PC_0020_M2	chr2	212320986	242985752	1	1	False	False	False	True	True
ParaaorticLNMet_A12C-0020_CRUK_PC_0020_M2	chr3	62759	7094776	2	1	False	False	False	False	True
ParaaorticLNMet_A12C-0020_CRUK_PC_0020_M2	chr3	7099203	9348361	2	1	False	False	False	False	True
ParaaorticLNMet_A12C-0020_CRUK_PC_0020_M2	chr3	9350167	12484985	0	1	False	False	False	False	True
ParaaorticLNMet_A12C-0020_CRUK_PC_0020_M2	chr3	12639890	31218207	2	1	False	False	False	False	True
ParaaorticLNMet_A12C-0020_CRUK_PC_0020_M2	chr3	31219954	32381015	0	1	False	False	False	False	True
ParaaorticLNMet_A12C-0020_CRUK_PC_0020_M2	chr3	32384600	45261300	2	1	False	False	False	False	True
ParaaorticLNMet_A12C-0020_CRUK_PC_0020_M2	chr3	45280687	48793647	0	1	False	False	False	False	True
ParaaorticLNMet_A12C-0020_CRUK_PC_0020_M2	chr3	49570215	51362966	0	1	False	False	False	False	True
ParaaorticLNMet_A12C-0020_CRUK_PC_0020_M2	chr3	51373150	69245454	2	1	False	False	False	False	True
ParaaorticLNMet_A12C-0020_CRUK_PC_0020_M2	chr3	70129775	71279339	0	1	False	True	False	False	False
ParaaorticLNMet_A12C-0020_CRUK_PC_0020_M2	chr3	72606951	90504645	2	1	False	False	False	False	True
ParaaorticLNMet_A12C-0020_CRUK_PC_0020_M2	chr3	93505756	96677863	2	1	False	False	False	False	True
ParaaorticLNMet_A12C-0020_CRUK_PC_0020_M2	chr3	96808689	131498662	2	1	False	False	False	False	True
ParaaorticLNMet_A12C-0020_CRUK_PC_0020_M2	chr3	131906447	153774462	2	1	False	False	False	False	True
ParaaorticLNMet_A12C-0020_CRUK_PC_0020_M2	chr3	154441238	197846280	2	1	False	False	False	False	True
ParaaorticLNMet_A12C-0020_CRUK_PC_0020_M2	chr4	75893	31794178	1	1	False	False	False	True	True
ParaaorticLNMet_A12C-0020_CRUK_PC_0020_M2	chr4	32851818	49660116	1	1	False	False	False	True	True
ParaaorticLNMet_A12C-0020_CRUK_PC_0020_M2	chr4	52660118	79865281	1	1	False	False	False	True	True
ParaaorticLNMet_A12C-0020_CRUK_PC_0020_M2	chr4	79870075	102178058	1	0	False	False	False	False	True
ParaaorticLNMet_A12C-0020_CRUK_PC_0020_M2	chr4	102178892	190789029	1	1	False	False	False	True	True
ParaaorticLNMet_A12C-0020_CRUK_PC_0020_M2	chr5	850687	46099490	1	1	False	False	False	True	True
ParaaorticLNMet_A12C-0020_CRUK_PC_0020_M2	chr5	49441752	112998512	1	1	False	False	False	True	True
ParaaorticLNMet_A12C-0020_CRUK_PC_0020_M2	chr5	113002396	129091339	1	1	False	False	False	False	False
ParaaorticLNMet_A12C-0020_CRUK_PC_0020_M2	chr5	129092321	180729006	1	1	False	False	False	True	True
ParaaorticLNMet_A12C-0020_CRUK_PC_0020_M2	chr6	147750	29140207	1	1	False	False	False	False	False
ParaaorticLNMet_A12C-0020_CRUK_PC_0020_M2	chr6	29143063	32433057	1	1	False	False	False	False	False
ParaaorticLNMet_A12C-0020_CRUK_PC_0020_M2	chr6	32745886	57301314	1	1	False	False	False	False	False
ParaaorticLNMet_A12C-0020_CRUK_PC_0020_M2	chr6	57448789	58558261	2	1	False	False	False	False	False
ParaaorticLNMet_A12C-0020_CRUK_PC_0020_M2	chr6	61939862	63266805	2	0	False	False	False	False	False
ParaaorticLNMet_A12C-0020_CRUK_PC_0020_M2	chr6	63303391	65403789	2	0	False	False	False	False	False
ParaaorticLNMet_A12C-0020_CRUK_PC_0020_M2	chr6	65984929	157300795	2	0	False	False	False	False	False
ParaaorticLNMet_A12C-0020_CRUK_PC_0020_M2	chr6	157302606	170912826	2	0	False	False	False	False	False
ParaaorticLNMet_A12C-0020_CRUK_PC_0020_M2	chr7	81237	1526534	1	1	False	False	False	False	False
ParaaorticLNMet_A12C-0020_CRUK_PC_0020_M2	chr7	2594181	6367714	2	2	True	False	False	False	False
ParaaorticLNMet_A12C-0020_CRUK_PC_0020_M2	chr7	6371078	7455289	1	1	False	False	False	False	False
ParaaorticLNMet_A12C-0020_CRUK_PC_0020_M2	chr7	7462045	58053551	1	1	False	False	False	False	False
ParaaorticLNMet_A12C-0020_CRUK_PC_0020_M2	chr7	61058365	62276972	1	1	False	False	False	False	False
ParaaorticLNMet_A12C-0020_CRUK_PC_0020_M2	chr7	62634594	63965346	1	1	False	False	False	False	False
ParaaorticLNMet_A12C-0020_CRUK_PC_0020_M2	chr7	64730642	65769833	1	1	False	False	False	False	False
ParaaorticLNMet_A12C-0020_CRUK_PC_0020_M2	chr7	66765588	103213513	1	1	False	False	False	False	False
ParaaorticLNMet_A12C-0020_CRUK_PC_0020_M2	chr7	103228457	107133166	1	1	False	False	False	False	False
ParaaorticLNMet_A12C-0020_CRUK_PC_0020_M2	chr7	107134828	117576675	1	1	False	False	False	False	False
ParaaorticLNMet_A12C-0020_CRUK_PC_0020_M2	chr7	117745213	119889146	1	1	False	False	False	False	False
ParaaorticLNMet_A12C-0020_CRUK_PC_0020_M2	chr7	120367739	121677000	1	1	False	False	False	False	False
ParaaorticLNMet_A12C-0020_CRUK_PC_0020_M2	chr7	123162050	124303640	2	1	True	False	False	False	False
ParaaorticLNMet_A12C-0020_CRUK_PC_0020_M2	chr7	126331987	127482600	1	1	False	False	False	False	False
ParaaorticLNMet_A12C-0020_CRUK_PC_0020_M2	chr7	127786919	130577079	1	1	False	False	False	False	False
ParaaorticLNMet_A12C-0020_CRUK_PC_0020_M2	chr7	131844750	133744637	1	1	False	False	False	False	False
ParaaorticLNMet_A12C-0020_CRUK_PC_0020_M2	chr7	133949345	135731979	1	1	False	False	False	False	False
ParaaorticLNMet_A12C-0020_CRUK_PC_0020_M2	chr7	135736143	137542900	1	1	False	False	False	False	False
ParaaorticLNMet_A12C-0020_CRUK_PC_0020_M2	chr7	138856549	141104385	1	1	False	False	False	False	False
ParaaorticLNMet_A12C-0020_CRUK_PC_0020_M2	chr7	141697754	142939829	1	1	False	False	False	False	False
ParaaorticLNMet_A12C-0020_CRUK_PC_0020_M2	chr7	145710748	148086718	1	1	False	False	False	False	False
ParaaorticLNMet_A12C-0020_CRUK_PC_0020_M2	chr7	150000008	151172210	1	1	False	False	False	False	False
ParaaorticLNMet_A12C-0020_CRUK_PC_0020_M2	chr7	151177134	156185042	1	1	False	False	False	False	False
ParaaorticLNMet_A12C-0020_CRUK_PC_0020_M2	chr7	156332415	159127195	1	1	False	False	False	False	False
ParaaorticLNMet_A12C-0020_CRUK_PC_0020_M2	chr8	162134	1597576	1	0	False	False	False	False	True
ParaaorticLNMet_A12C-0020_CRUK_PC_0020_M2	chr8	1603117	8880515	1	0	False	False	False	False	True
ParaaorticLNMet_A12C-0020_CRUK_PC_0020_M2	chr8	8880818	13828631	1	0	False	False	False	False	True
ParaaorticLNMet_A12C-0020_CRUK_PC_0020_M2	chr8	13830193	37404478	1	0	False	False	False	False	True
ParaaorticLNMet_A12C-0020_CRUK_PC_0020_M2	chr8	46858994	48708742	1	0	False	True	False	False	False
ParaaorticLNMet_A12C-0020_CRUK_PC_0020_M2	chr8	48714335	49860832	1	1	False	False	False	False	False
ParaaorticLNMet_A12C-0020_CRUK_PC_0020_M2	chr8	49870835	64593001	1	1	False	False	False	False	False
ParaaorticLNMet_A12C-0020_CRUK_PC_0020_M2	chr8	64675957	76509960	1	1	False	False	False	False	False
ParaaorticLNMet_A12C-0020_CRUK_PC_0020_M2	chr8	78272419	79277739	1	1	False	False	False	False	False
ParaaorticLNMet_A12C-0020_CRUK_PC_0020_M2	chr8	79279337	146301295	1	1	False	False	False	False	False
ParaaorticLNMet_A12C-0020_CRUK_PC_0020_M2	chr9	205168	2062429	1	1	False	False	False	False	False
ParaaorticLNMet_A12C-0020_CRUK_PC_0020_M2	chr9	2066854	14882998	0	1	False	True	False	False	False
ParaaorticLNMet_A12C-0020_CRUK_PC_0020_M2	chr9	14896900	29431404	1	1	False	False	False	False	False
ParaaorticLNMet_A12C-0020_CRUK_PC_0020_M2	chr9	29431762	38773739	1	1	False	False	False	False	False
ParaaorticLNMet_A12C-0020_CRUK_PC_0020_M2	chr9	71032984	79836406	1	1	False	False	False	False	False
ParaaorticLNMet_A12C-0020_CRUK_PC_0020_M2	chr9	79839847	81210029	1	1	False	False	False	False	False
ParaaorticLNMet_A12C-0020_CRUK_PC_0020_M2	chr9	81239018	101595280	1	1	False	False	False	False	False
ParaaorticLNMet_A12C-0020_CRUK_PC_0020_M2	chr9	101632768	141069765	1	1	False	False	False	False	False
ParaaorticLNMet_A12C-0020_CRUK_PC_0020_M2	chr10	90127	39254934	1	1	False	False	False	True	True
ParaaorticLNMet_A12C-0020_CRUK_PC_0020_M2	chr10	42254936	108518084	1	1	False	False	False	True	True
ParaaorticLNMet_A12C-0020_CRUK_PC_0020_M2	chr10	108958853	135235890	1	1	False	False	False	True	True
ParaaorticLNMet_A12C-0020_CRUK_PC_0020_M2	chr11	199911	33765897	1	1	False	False	False	True	True
ParaaorticLNMet_A12C-0020_CRUK_PC_0020_M2	chr11	33766495	36722371	1	0	False	False	False	False	True
ParaaorticLNMet_A12C-0020_CRUK_PC_0020_M2	chr11	36723455	46702608	1	1	False	False	False	True	True
ParaaorticLNMet_A12C-0020_CRUK_PC_0020_M2	chr11	47453722	51202412	1	1	False	False	False	True	True
ParaaorticLNMet_A12C-0020_CRUK_PC_0020_M2	chr11	54800157	134935281	1	1	False	False	False	True	True
ParaaorticLNMet_A12C-0020_CRUK_PC_0020_M2	chr12	188197	34856693	1	1	False	False	False	True	True
ParaaorticLNMet_A12C-0020_CRUK_PC_0020_M2	chr12	37856695	55174895	1	1	False	False	False	True	True
ParaaorticLNMet_A12C-0020_CRUK_PC_0020_M2	chr12	55499266	57890319	1	1	False	False	False	True	True
ParaaorticLNMet_A12C-0020_CRUK_PC_0020_M2	chr12	57904997	58941561	1	1	False	False	False	True	True
ParaaorticLNMet_A12C-0020_CRUK_PC_0020_M2	chr12	58963944	62729782	1	1	False	False	False	True	True
ParaaorticLNMet_A12C-0020_CRUK_PC_0020_M2	chr12	62730305	66423323	1	0	False	False	False	False	True
ParaaorticLNMet_A12C-0020_CRUK_PC_0020_M2	chr12	66457909	133839356	1	1	False	False	False	True	True
ParaaorticLNMet_A12C-0020_CRUK_PC_0020_M2	chr13	19449788	33259007	1	1	False	False	False	True	True
ParaaorticLNMet_A12C-0020_CRUK_PC_0020_M2	chr13	33260787	39194178	1	0	False	False	False	False	True
ParaaorticLNMet_A12C-0020_CRUK_PC_0020_M2	chr13	39985230	76088638	1	0	False	False	False	False	True
ParaaorticLNMet_A12C-0020_CRUK_PC_0020_M2	chr13	76097391	93014553	1	1	False	False	False	True	True
ParaaorticLNMet_A12C-0020_CRUK_PC_0020_M2	chr13	93049119	97813500	1	0	False	False	False	False	True
ParaaorticLNMet_A12C-0020_CRUK_PC_0020_M2	chr13	97816159	112992192	1	1	False	False	False	True	True
ParaaorticLNMet_A12C-0020_CRUK_PC_0020_M2	chr13	112998223	114999838	1	1	False	False	False	True	True
ParaaorticLNMet_A12C-0020_CRUK_PC_0020_M2	chr14	20425051	107289436	1	1	False	False	False	False	False
ParaaorticLNMet_A12C-0020_CRUK_PC_0020_M2	chr15	22765381	102429049	1	1	False	False	False	True	True
ParaaorticLNMet_A12C-0020_CRUK_PC_0020_M2	chr16	91423	35335800	1	1	False	False	False	True	True
ParaaorticLNMet_A12C-0020_CRUK_PC_0020_M2	chr16	38335802	63351897	1	1	False	False	False	True	True
ParaaorticLNMet_A12C-0020_CRUK_PC_0020_M2	chr16	63355102	89990843	1	1	False	False	False	True	True
ParaaorticLNMet_A12C-0020_CRUK_PC_0020_M2	chr17	1397	5490362	1	1	False	False	False	True	True
ParaaorticLNMet_A12C-0020_CRUK_PC_0020_M2	chr17	5522756	17128156	1	0	False	False	False	False	True
ParaaorticLNMet_A12C-0020_CRUK_PC_0020_M2	chr17	17130237	18289210	1	1	False	False	False	True	True
ParaaorticLNMet_A12C-0020_CRUK_PC_0020_M2	chr17	18782865	20901485	1	0	False	False	False	False	True
ParaaorticLNMet_A12C-0020_CRUK_PC_0020_M2	chr17	20903068	22109712	1	1	False	False	False	True	True
ParaaorticLNMet_A12C-0020_CRUK_PC_0020_M2	chr17	25417545	79925460	1	1	False	False	False	True	True
ParaaorticLNMet_A12C-0020_CRUK_PC_0020_M2	chr18	132649	15460897	1	1	False	False	False	True	True
ParaaorticLNMet_A12C-0020_CRUK_PC_0020_M2	chr18	18460899	78017128	1	1	False	False	False	True	True
ParaaorticLNMet_A12C-0020_CRUK_PC_0020_M2	chr19	249357	24399717	1	1	False	False	False	True	True
ParaaorticLNMet_A12C-0020_CRUK_PC_0020_M2	chr19	27741196	43167860	1	1	False	False	False	True	True
ParaaorticLNMet_A12C-0020_CRUK_PC_0020_M2	chr19	43833506	59097308	1	1	False	False	False	True	True
ParaaorticLNMet_A12C-0020_CRUK_PC_0020_M2	chr20	20000786	25599560	1	0	False	False	False	False	True
ParaaorticLNMet_A12C-0020_CRUK_PC_0020_M2	chr20	29420551	62955706	1	2	False	False	False	False	True
ParaaorticLNMet_A12C-0020_CRUK_PC_0020_M2	chr21	15309979	39845030	1	1	False	False	False	True	True
ParaaorticLNMet_A12C-0020_CRUK_PC_0020_M2	chr21	39845940	42870522	1	0	False	False	False	False	True
ParaaorticLNMet_A12C-0020_CRUK_PC_0020_M2	chr21	42875652	48101335	1	1	False	False	False	True	True
ParaaorticLNMet_A12C-0020_CRUK_PC_0020_M2	chr22	16628768	49997909	1	1	False	False	False	True	True
RPelvicLNMet_A12D-0020_CRUK_PC_0020_M3	chr1	762601	121350213	1	1	False	False	False	True	True
RPelvicLNMet_A12D-0020_CRUK_PC_0020_M3	chr1	145557808	146636772	2	1	True	False	False	False	False
RPelvicLNMet_A12D-0020_CRUK_PC_0020_M3	chr1	147195469	150223285	2	0	True	True	False	False	False
RPelvicLNMet_A12D-0020_CRUK_PC_0020_M3	chr1	151698793	152737228	2	1	True	False	False	False	False
RPelvicLNMet_A12D-0020_CRUK_PC_0020_M3	chr1	155182164	169739222	1	1	False	False	False	True	True
RPelvicLNMet_A12D-0020_CRUK_PC_0020_M3	chr1	170782472	179664188	1	1	False	False	False	True	True
RPelvicLNMet_A12D-0020_CRUK_PC_0020_M3	chr1	181086122	182264659	2	0	True	True	False	False	False
RPelvicLNMet_A12D-0020_CRUK_PC_0020_M3	chr1	182289483	199080141	1	1	False	False	False	True	True
RPelvicLNMet_A12D-0020_CRUK_PC_0020_M3	chr1	199502979	203043246	1	1	False	False	False	True	True
RPelvicLNMet_A12D-0020_CRUK_PC_0020_M3	chr1	203045054	204446688	3	1	True	False	False	False	False
RPelvicLNMet_A12D-0020_CRUK_PC_0020_M3	chr1	204785806	205878685	1	1	False	False	False	True	True
RPelvicLNMet_A12D-0020_CRUK_PC_0020_M3	chr1	206612038	207813834	2	1	True	False	False	False	False
RPelvicLNMet_A12D-0020_CRUK_PC_0020_M3	chr1	207854703	209516399	2	0	True	True	False	False	False
RPelvicLNMet_A12D-0020_CRUK_PC_0020_M3	chr1	209525363	217237449	1	1	False	False	False	True	True
RPelvicLNMet_A12D-0020_CRUK_PC_0020_M3	chr1	217242800	218389867	2	0	True	True	False	False	False
RPelvicLNMet_A12D-0020_CRUK_PC_0020_M3	chr1	218455803	220239640	2	1	True	False	False	False	False
RPelvicLNMet_A12D-0020_CRUK_PC_0020_M3	chr1	220335430	228911862	1	1	False	False	False	True	True
RPelvicLNMet_A12D-0020_CRUK_PC_0020_M3	chr1	229804873	230909600	1	1	False	False	False	True	True
RPelvicLNMet_A12D-0020_CRUK_PC_0020_M3	chr1	232970242	249222325	1	1	False	False	False	True	True
RPelvicLNMet_A12D-0020_CRUK_PC_0020_M3	chr2	172814	92263350	1	1	False	False	False	True	True
RPelvicLNMet_A12D-0020_CRUK_PC_0020_M3	chr2	95327015	96784030	1	1	False	False	False	True	True
RPelvicLNMet_A12D-0020_CRUK_PC_0020_M3	chr2	96820021	136269178	1	1	False	False	False	True	True
RPelvicLNMet_A12D-0020_CRUK_PC_0020_M3	chr2	136270765	171622510	1	1	False	False	False	True	True
RPelvicLNMet_A12D-0020_CRUK_PC_0020_M3	chr2	171639622	211636502	1	1	False	False	False	True	True
RPelvicLNMet_A12D-0020_CRUK_PC_0020_M3	chr2	212320986	242985752	1	1	False	False	False	True	True
RPelvicLNMet_A12D-0020_CRUK_PC_0020_M3	chr3	62759	7094776	2	1	False	False	False	False	True
RPelvicLNMet_A12D-0020_CRUK_PC_0020_M3	chr3	7099203	9348361	2	1	False	False	False	False	True
RPelvicLNMet_A12D-0020_CRUK_PC_0020_M3	chr3	9350167	12484985	0	1	False	False	False	False	True
RPelvicLNMet_A12D-0020_CRUK_PC_0020_M3	chr3	12639890	31218207	2	1	False	False	False	False	True
RPelvicLNMet_A12D-0020_CRUK_PC_0020_M3	chr3	31219954	32381015	0	1	False	False	False	False	True
RPelvicLNMet_A12D-0020_CRUK_PC_0020_M3	chr3	32384600	45261300	2	1	False	False	False	False	True
RPelvicLNMet_A12D-0020_CRUK_PC_0020_M3	chr3	45280687	48793647	0	1	False	False	False	False	True
RPelvicLNMet_A12D-0020_CRUK_PC_0020_M3	chr3	49570215	51362966	0	1	False	False	False	False	True
RPelvicLNMet_A12D-0020_CRUK_PC_0020_M3	chr3	51373150	69245454	2	1	False	False	False	False	True
RPelvicLNMet_A12D-0020_CRUK_PC_0020_M3	chr3	70129775	71279339	0	1	False	True	False	False	False
RPelvicLNMet_A12D-0020_CRUK_PC_0020_M3	chr3	72606951	90504645	2	1	False	False	False	False	True
RPelvicLNMet_A12D-0020_CRUK_PC_0020_M3	chr3	93505756	96677863	2	1	False	False	False	False	True
RPelvicLNMet_A12D-0020_CRUK_PC_0020_M3	chr3	96808689	131498662	2	1	False	False	False	False	True
RPelvicLNMet_A12D-0020_CRUK_PC_0020_M3	chr3	131906447	153774462	2	1	False	False	False	False	True
RPelvicLNMet_A12D-0020_CRUK_PC_0020_M3	chr3	154441238	197846280	2	1	False	False	False	False	True
RPelvicLNMet_A12D-0020_CRUK_PC_0020_M3	chr4	75893	31794178	1	1	False	False	False	True	True
RPelvicLNMet_A12D-0020_CRUK_PC_0020_M3	chr4	32851818	49660116	1	1	False	False	False	True	True
RPelvicLNMet_A12D-0020_CRUK_PC_0020_M3	chr4	52660118	79865281	1	1	False	False	False	True	True
RPelvicLNMet_A12D-0020_CRUK_PC_0020_M3	chr4	79870075	102178058	1	0	False	False	False	False	True
RPelvicLNMet_A12D-0020_CRUK_PC_0020_M3	chr4	102178892	190789029	1	1	False	False	False	True	True
RPelvicLNMet_A12D-0020_CRUK_PC_0020_M3	chr5	850687	46099490	1	1	False	False	False	True	True
RPelvicLNMet_A12D-0020_CRUK_PC_0020_M3	chr5	49441752	112998512	1	1	False	False	False	True	True
RPelvicLNMet_A12D-0020_CRUK_PC_0020_M3	chr5	113002396	129091339	1	0	False	True	False	False	False
RPelvicLNMet_A12D-0020_CRUK_PC_0020_M3	chr5	129092321	180729006	1	1	False	False	False	True	True
RPelvicLNMet_A12D-0020_CRUK_PC_0020_M3	chr6	147750	29140207	1	1	False	False	False	False	False
RPelvicLNMet_A12D-0020_CRUK_PC_0020_M3	chr6	29143063	32433057	1	1	False	False	False	False	False
RPelvicLNMet_A12D-0020_CRUK_PC_0020_M3	chr6	32745886	57301314	1	1	False	False	False	False	False
RPelvicLNMet_A12D-0020_CRUK_PC_0020_M3	chr6	57448789	58558261	1	1	False	False	False	False	False
RPelvicLNMet_A12D-0020_CRUK_PC_0020_M3	chr6	61939862	63266805	1	1	False	False	False	False	False
RPelvicLNMet_A12D-0020_CRUK_PC_0020_M3	chr6	63303391	65403789	1	1	False	False	False	False	False
RPelvicLNMet_A12D-0020_CRUK_PC_0020_M3	chr6	65984929	157300795	1	1	False	False	False	False	False
RPelvicLNMet_A12D-0020_CRUK_PC_0020_M3	chr6	157302606	170912826	1	1	False	False	False	False	False
RPelvicLNMet_A12D-0020_CRUK_PC_0020_M3	chr7	81237	1526534	1	1	False	False	False	False	False
RPelvicLNMet_A12D-0020_CRUK_PC_0020_M3	chr7	2594181	6367714	1	1	False	False	False	False	False
RPelvicLNMet_A12D-0020_CRUK_PC_0020_M3	chr7	6371078	7455289	1	1	False	False	False	False	False
RPelvicLNMet_A12D-0020_CRUK_PC_0020_M3	chr7	7462045	58053551	1	1	False	False	False	False	False
RPelvicLNMet_A12D-0020_CRUK_PC_0020_M3	chr7	61058365	62276972	1	1	False	False	False	False	False
RPelvicLNMet_A12D-0020_CRUK_PC_0020_M3	chr7	62634594	63965346	0	3	True	True	False	False	False
RPelvicLNMet_A12D-0020_CRUK_PC_0020_M3	chr7	64730642	65769833	1	4	True	False	False	False	False
RPelvicLNMet_A12D-0020_CRUK_PC_0020_M3	chr7	66765588	103213513	1	1	False	False	False	False	False
RPelvicLNMet_A12D-0020_CRUK_PC_0020_M3	chr7	103228457	107133166	1	1	False	False	False	False	False
RPelvicLNMet_A12D-0020_CRUK_PC_0020_M3	chr7	107134828	117576675	1	1	False	False	False	False	False
RPelvicLNMet_A12D-0020_CRUK_PC_0020_M3	chr7	117745213	119889146	1	1	False	False	False	False	False
RPelvicLNMet_A12D-0020_CRUK_PC_0020_M3	chr7	120367739	121677000	1	4	True	False	False	False	False
RPelvicLNMet_A12D-0020_CRUK_PC_0020_M3	chr7	123162050	124303640	1	2	True	False	False	False	False
RPelvicLNMet_A12D-0020_CRUK_PC_0020_M3	chr7	126331987	127482600	1	4	True	False	False	False	False
RPelvicLNMet_A12D-0020_CRUK_PC_0020_M3	chr7	127786919	130577079	1	2	True	False	False	False	False
RPelvicLNMet_A12D-0020_CRUK_PC_0020_M3	chr7	131844750	133744637	1	2	True	False	False	False	False
RPelvicLNMet_A12D-0020_CRUK_PC_0020_M3	chr7	133949345	135731979	1	2	True	False	False	False	False
RPelvicLNMet_A12D-0020_CRUK_PC_0020_M3	chr7	135736143	137542900	1	2	True	False	False	False	False
RPelvicLNMet_A12D-0020_CRUK_PC_0020_M3	chr7	138856549	141104385	1	5	True	False	False	False	False
RPelvicLNMet_A12D-0020_CRUK_PC_0020_M3	chr7	141697754	142939829	1	2	True	False	False	False	False
RPelvicLNMet_A12D-0020_CRUK_PC_0020_M3	chr7	145710748	148086718	1	2	True	False	False	False	False
RPelvicLNMet_A12D-0020_CRUK_PC_0020_M3	chr7	150000008	151172210	1	1	False	False	False	False	False
RPelvicLNMet_A12D-0020_CRUK_PC_0020_M3	chr7	151177134	156185042	1	1	False	False	False	False	False
RPelvicLNMet_A12D-0020_CRUK_PC_0020_M3	chr7	156332415	159127195	1	1	False	False	False	False	False
RPelvicLNMet_A12D-0020_CRUK_PC_0020_M3	chr8	162134	1597576	1	0	False	False	False	False	True
RPelvicLNMet_A12D-0020_CRUK_PC_0020_M3	chr8	1603117	8880515	1	0	False	False	False	False	True
RPelvicLNMet_A12D-0020_CRUK_PC_0020_M3	chr8	8880818	13828631	1	0	False	False	False	False	True
RPelvicLNMet_A12D-0020_CRUK_PC_0020_M3	chr8	13830193	37404478	1	0	False	False	False	False	True
RPelvicLNMet_A12D-0020_CRUK_PC_0020_M3	chr8	46858994	48708742	2	1	True	False	False	False	False
RPelvicLNMet_A12D-0020_CRUK_PC_0020_M3	chr8	48714335	49860832	2	1	True	False	False	False	False
RPelvicLNMet_A12D-0020_CRUK_PC_0020_M3	chr8	49870835	64593001	2	1	True	False	False	False	False
RPelvicLNMet_A12D-0020_CRUK_PC_0020_M3	chr8	64675957	76509960	2	1	True	False	False	False	False
RPelvicLNMet_A12D-0020_CRUK_PC_0020_M3	chr8	78272419	79277739	2	1	True	False	False	False	False
RPelvicLNMet_A12D-0020_CRUK_PC_0020_M3	chr8	79279337	146301295	2	1	True	False	False	False	False
RPelvicLNMet_A12D-0020_CRUK_PC_0020_M3	chr9	205168	2062429	1	0	False	True	False	False	False
RPelvicLNMet_A12D-0020_CRUK_PC_0020_M3	chr9	2066854	14882998	1	0	False	True	False	False	False
RPelvicLNMet_A12D-0020_CRUK_PC_0020_M3	chr9	14896900	29431404	1	0	False	True	False	False	False
RPelvicLNMet_A12D-0020_CRUK_PC_0020_M3	chr9	29431762	38773739	1	0	False	True	False	False	False
RPelvicLNMet_A12D-0020_CRUK_PC_0020_M3	chr9	71032984	79836406	1	0	False	True	False	False	False
RPelvicLNMet_A12D-0020_CRUK_PC_0020_M3	chr9	79839847	81210029	1	0	False	True	False	False	False
RPelvicLNMet_A12D-0020_CRUK_PC_0020_M3	chr9	81239018	101595280	1	0	False	True	False	False	False
RPelvicLNMet_A12D-0020_CRUK_PC_0020_M3	chr9	101632768	141069765	1	0	False	True	False	False	False
RPelvicLNMet_A12D-0020_CRUK_PC_0020_M3	chr10	90127	39254934	1	1	False	False	False	True	True
RPelvicLNMet_A12D-0020_CRUK_PC_0020_M3	chr10	42254936	108518084	1	1	False	False	False	True	True
RPelvicLNMet_A12D-0020_CRUK_PC_0020_M3	chr10	108958853	135235890	1	1	False	False	False	True	True
RPelvicLNMet_A12D-0020_CRUK_PC_0020_M3	chr11	199911	33765897	1	1	False	False	False	True	True
RPelvicLNMet_A12D-0020_CRUK_PC_0020_M3	chr11	33766495	36722371	1	0	False	False	False	False	True
RPelvicLNMet_A12D-0020_CRUK_PC_0020_M3	chr11	36723455	46702608	1	1	False	False	False	True	True
RPelvicLNMet_A12D-0020_CRUK_PC_0020_M3	chr11	47453722	51202412	1	1	False	False	False	True	True
RPelvicLNMet_A12D-0020_CRUK_PC_0020_M3	chr11	54800157	134935281	1	1	False	False	False	True	True
RPelvicLNMet_A12D-0020_CRUK_PC_0020_M3	chr12	188197	34856693	1	1	False	False	False	True	True
RPelvicLNMet_A12D-0020_CRUK_PC_0020_M3	chr12	37856695	55174895	1	1	False	False	False	True	True
RPelvicLNMet_A12D-0020_CRUK_PC_0020_M3	chr12	55499266	57890319	1	1	False	False	False	True	True
RPelvicLNMet_A12D-0020_CRUK_PC_0020_M3	chr12	57904997	58941561	1	1	False	False	False	True	True
RPelvicLNMet_A12D-0020_CRUK_PC_0020_M3	chr12	58963944	62729782	1	1	False	False	False	True	True
RPelvicLNMet_A12D-0020_CRUK_PC_0020_M3	chr12	62730305	66423323	1	0	False	False	False	False	True
RPelvicLNMet_A12D-0020_CRUK_PC_0020_M3	chr12	66457909	133839356	1	1	False	False	False	True	True
RPelvicLNMet_A12D-0020_CRUK_PC_0020_M3	chr13	19449788	33259007	1	1	False	False	False	True	True
RPelvicLNMet_A12D-0020_CRUK_PC_0020_M3	chr13	33260787	39194178	1	0	False	False	False	False	True
RPelvicLNMet_A12D-0020_CRUK_PC_0020_M3	chr13	39985230	76088638	1	0	False	False	False	False	True
RPelvicLNMet_A12D-0020_CRUK_PC_0020_M3	chr13	76097391	93014553	1	1	False	False	False	True	True
RPelvicLNMet_A12D-0020_CRUK_PC_0020_M3	chr13	93049119	97813500	1	0	False	False	False	False	True
RPelvicLNMet_A12D-0020_CRUK_PC_0020_M3	chr13	97816159	112992192	1	1	False	False	False	True	True
RPelvicLNMet_A12D-0020_CRUK_PC_0020_M3	chr13	112998223	114999838	1	1	False	False	False	True	True
RPelvicLNMet_A12D-0020_CRUK_PC_0020_M3	chr14	20425051	107289436	2	0	True	True	False	False	False
RPelvicLNMet_A12D-0020_CRUK_PC_0020_M3	chr15	22765381	102429049	1	1	False	False	False	True	True
RPelvicLNMet_A12D-0020_CRUK_PC_0020_M3	chr16	91423	35335800	1	1	False	False	False	True	True
RPelvicLNMet_A12D-0020_CRUK_PC_0020_M3	chr16	38335802	63351897	1	1	False	False	False	True	True
RPelvicLNMet_A12D-0020_CRUK_PC_0020_M3	chr16	63355102	89990843	1	1	False	False	False	True	True
RPelvicLNMet_A12D-0020_CRUK_PC_0020_M3	chr17	1397	5490362	1	1	False	False	False	True	True
RPelvicLNMet_A12D-0020_CRUK_PC_0020_M3	chr17	5522756	17128156	1	0	False	False	False	False	True
RPelvicLNMet_A12D-0020_CRUK_PC_0020_M3	chr17	17130237	18289210	1	1	False	False	False	True	True
RPelvicLNMet_A12D-0020_CRUK_PC_0020_M3	chr17	18782865	20901485	1	0	False	False	False	False	True
RPelvicLNMet_A12D-0020_CRUK_PC_0020_M3	chr17	20903068	22109712	1	1	False	False	False	True	True
RPelvicLNMet_A12D-0020_CRUK_PC_0020_M3	chr17	25417545	79925460	1	1	False	False	False	True	True
RPelvicLNMet_A12D-0020_CRUK_PC_0020_M3	chr18	132649	15460897	1	1	False	False	False	True	True
RPelvicLNMet_A12D-0020_CRUK_PC_0020_M3	chr18	18460899	78017128	1	1	False	False	False	True	True
RPelvicLNMet_A12D-0020_CRUK_PC_0020_M3	chr19	249357	24399717	1	1	False	False	False	True	True
RPelvicLNMet_A12D-0020_CRUK_PC_0020_M3	chr19	27741196	43167860	1	1	False	False	False	True	True
RPelvicLNMet_A12D-0020_CRUK_PC_0020_M3	chr19	43833506	59097308	1	1	False	False	False	True	True
RPelvicLNMet_A12D-0020_CRUK_PC_0020_M3	chr20	20000786	25599560	1	0	False	False	False	False	True
RPelvicLNMet_A12D-0020_CRUK_PC_0020_M3	chr20	29420551	62955706	1	2	False	False	False	False	True
RPelvicLNMet_A12D-0020_CRUK_PC_0020_M3	chr21	15309979	39845030	1	1	False	False	False	True	True
RPelvicLNMet_A12D-0020_CRUK_PC_0020_M3	chr21	39845940	42870522	1	0	False	False	False	False	True
RPelvicLNMet_A12D-0020_CRUK_PC_0020_M3	chr21	42875652	48101335	1	1	False	False	False	True	True
RPelvicLNMet_A12D-0020_CRUK_PC_0020_M3	chr22	16628768	49997909	1	1	False	False	False	True	True
diploid	chr1	762601	121350213	1	1	False	False	False	True	True
diploid	chr1	145557808	146636772	1	1	False	False	False	False	False
diploid	chr1	147195469	150223285	1	1	False	False	False	False	False
diploid	chr1	151698793	152737228	1	1	False	False	False	False	False
diploid	chr1	155182164	169739222	1	1	False	False	False	True	True
diploid	chr1	170782472	179664188	1	1	False	False	False	True	True
diploid	chr1	181086122	182264659	1	1	False	False	False	False	False
diploid	chr1	182289483	199080141	1	1	False	False	False	True	True
diploid	chr1	199502979	203043246	1	1	False	False	False	True	True
diploid	chr1	203045054	204446688	1	1	False	False	False	False	False
diploid	chr1	204785806	205878685	1	1	False	False	False	True	True
diploid	chr1	206612038	207813834	1	1	False	False	False	False	False
diploid	chr1	207854703	209516399	1	1	False	False	False	False	False
diploid	chr1	209525363	217237449	1	1	False	False	False	True	True
diploid	chr1	217242800	218389867	1	1	False	False	False	False	False
diploid	chr1	218455803	220239640	1	1	False	False	False	False	False
diploid	chr1	220335430	228911862	1	1	False	False	False	True	True
diploid	chr1	229804873	230909600	1	1	False	False	False	True	True
diploid	chr1	232970242	249222325	1	1	False	False	False	True	True
diploid	chr2	172814	92263350	1	1	False	False	False	True	True
diploid	chr2	95327015	96784030	1	1	False	False	False	True	True
diploid	chr2	96820021	136269178	1	1	False	False	False	True	True
diploid	chr2	136270765	171622510	1	1	False	False	False	True	True
diploid	chr2	171639622	211636502	1	1	False	False	False	True	True
diploid	chr2	212320986	242985752	1	1	False	False	False	True	True
diploid	chr3	62759	7094776	1	1	False	False	False	False	True
diploid	chr3	7099203	9348361	1	1	False	False	False	False	True
diploid	chr3	9350167	12484985	1	1	False	False	False	False	True
diploid	chr3	12639890	31218207	1	1	False	False	False	False	True
diploid	chr3	31219954	32381015	1	1	False	False	False	False	True
diploid	chr3	32384600	45261300	1	1	False	False	False	False	True
diploid	chr3	45280687	48793647	1	1	False	False	False	False	True
diploid	chr3	49570215	51362966	1	1	False	False	False	False	True
diploid	chr3	51373150	69245454	1	1	False	False	False	False	True
diploid	chr3	70129775	71279339	1	1	False	False	False	False	False
diploid	chr3	72606951	90504645	1	1	False	False	False	False	True
diploid	chr3	93505756	96677863	1	1	False	False	False	False	True
diploid	chr3	96808689	131498662	1	1	False	False	False	False	True
diploid	chr3	131906447	153774462	1	1	False	False	False	False	True
diploid	chr3	154441238	197846280	1	1	False	False	False	False	True
diploid	chr4	75893	31794178	1	1	False	False	False	True	True
diploid	chr4	32851818	49660116	1	1	False	False	False	True	True
diploid	chr4	52660118	79865281	1	1	False	False	False	True	True
diploid	chr4	79870075	102178058	1	1	False	False	False	False	True
diploid	chr4	102178892	190789029	1	1	False	False	False	True	True
diploid	chr5	850687	46099490	1	1	False	False	False	True	True
diploid	chr5	49441752	112998512	1	1	False	False	False	True	True
diploid	chr5	113002396	129091339	1	1	False	False	False	False	False
diploid	chr5	129092321	180729006	1	1	False	False	False	True	True
diploid	chr6	147750	29140207	1	1	False	False	False	False	False
diploid	chr6	29143063	32433057	1	1	False	False	False	False	False
diploid	chr6	32745886	57301314	1	1	False	False	False	False	False
diploid	chr6	57448789	58558261	1	1	False	False	False	False	False
diploid	chr6	61939862	63266805	1	1	False	False	False	False	False
diploid	chr6	63303391	65403789	1	1	False	False	False	False	False
diploid	chr6	65984929	157300795	1	1	False	False	False	False	False
diploid	chr6	157302606	170912826	1	1	False	False	False	False	False
diploid	chr7	81237	1526534	1	1	False	False	False	False	False
diploid	chr7	2594181	6367714	1	1	False	False	False	False	False
diploid	chr7	6371078	7455289	1	1	False	False	False	False	False
diploid	chr7	7462045	58053551	1	1	False	False	False	False	False
diploid	chr7	61058365	62276972	1	1	False	False	False	False	False
diploid	chr7	62634594	63965346	1	1	False	False	False	False	False
diploid	chr7	64730642	65769833	1	1	False	False	False	False	False
diploid	chr7	66765588	103213513	1	1	False	False	False	False	False
diploid	chr7	103228457	107133166	1	1	False	False	False	False	False
diploid	chr7	107134828	117576675	1	1	False	False	False	False	False
diploid	chr7	117745213	119889146	1	1	False	False	False	False	False
diploid	chr7	120367739	121677000	1	1	False	False	False	False	False
diploid	chr7	123162050	124303640	1	1	False	False	False	False	False
diploid	chr7	126331987	127482600	1	1	False	False	False	False	False
diploid	chr7	127786919	130577079	1	1	False	False	False	False	False
diploid	chr7	131844750	133744637	1	1	False	False	False	False	False
diploid	chr7	133949345	135731979	1	1	False	False	False	False	False
diploid	chr7	135736143	137542900	1	1	False	False	False	False	False
diploid	chr7	138856549	141104385	1	1	False	False	False	False	False
diploid	chr7	141697754	142939829	1	1	False	False	False	False	False
diploid	chr7	145710748	148086718	1	1	False	False	False	False	False
diploid	chr7	150000008	151172210	1	1	False	False	False	False	False
diploid	chr7	151177134	156185042	1	1	False	False	False	False	False
diploid	chr7	156332415	159127195	1	1	False	False	False	False	False
diploid	chr8	162134	1597576	1	1	False	False	False	False	True
diploid	chr8	1603117	8880515	1	1	False	False	False	False	True
diploid	chr8	8880818	13828631	1	1	False	False	False	False	True
diploid	chr8	13830193	37404478	1	1	False	False	False	False	True
diploid	chr8	46858994	48708742	1	1	False	False	False	False	False
diploid	chr8	48714335	49860832	1	1	False	False	False	False	False
diploid	chr8	49870835	64593001	1	1	False	False	False	False	False
diploid	chr8	64675957	76509960	1	1	False	False	False	False	False
diploid	chr8	78272419	79277739	1	1	False	False	False	False	False
diploid	chr8	79279337	146301295	1	1	False	False	False	False	False
diploid	chr9	205168	2062429	1	1	False	False	False	False	False
diploid	chr9	2066854	14882998	1	1	False	False	False	False	False
diploid	chr9	14896900	29431404	1	1	False	False	False	False	False
diploid	chr9	29431762	38773739	1	1	False	False	False	False	False
diploid	chr9	71032984	79836406	1	1	False	False	False	False	False
diploid	chr9	79839847	81210029	1	1	False	False	False	False	False
diploid	chr9	81239018	101595280	1	1	False	False	False	False	False
diploid	chr9	101632768	141069765	1	1	False	False	False	False	False
diploid	chr10	90127	39254934	1	1	False	False	False	True	True
diploid	chr10	42254936	108518084	1	1	False	False	False	True	True
diploid	chr10	108958853	135235890	1	1	False	False	False	True	True
diploid	chr11	199911	33765897	1	1	False	False	False	True	True
diploid	chr11	33766495	36722371	1	1	False	False	False	False	True
diploid	chr11	36723455	46702608	1	1	False	False	False	True	True
diploid	chr11	47453722	51202412	1	1	False	False	False	True	True
diploid	chr11	54800157	134935281	1	1	False	False	False	True	True
diploid	chr12	188197	34856693	1	1	False	False	False	True	True
diploid	chr12	37856695	55174895	1	1	False	False	False	True	True
diploid	chr12	55499266	57890319	1	1	False	False	False	True	True
diploid	chr12	57904997	58941561	1	1	False	False	False	True	True
diploid	chr12	58963944	62729782	1	1	False	False	False	True	True
diploid	chr12	62730305	66423323	1	1	False	False	False	False	True
diploid	chr12	66457909	133839356	1	1	False	False	False	True	True
diploid	chr13	19449788	33259007	1	1	False	False	False	True	True
diploid	chr13	33260787	39194178	1	1	False	False	False	False	True
diploid	chr13	39985230	76088638	1	1	False	False	False	False	True
diploid	chr13	76097391	93014553	1	1	False	False	False	True	True
diploid	chr13	93049119	97813500	1	1	False	False	False	False	True
diploid	chr13	97816159	112992192	1	1	False	False	False	True	True
diploid	chr13	112998223	114999838	1	1	False	False	False	True	True
diploid	chr14	20425051	107289436	1	1	False	False	False	False	False
diploid	chr15	22765381	102429049	1	1	False	False	False	True	True
diploid	chr16	91423	35335800	1	1	False	False	False	True	True
diploid	chr16	38335802	63351897	1	1	False	False	False	True	True
diploid	chr16	63355102	89990843	1	1	False	False	False	True	True
diploid	chr17	1397	5490362	1	1	False	False	False	True	True
diploid	chr17	5522756	17128156	1	1	False	False	False	False	True
diploid	chr17	17130237	18289210	1	1	False	False	False	True	True
diploid	chr17	18782865	20901485	1	1	False	False	False	False	True
diploid	chr17	20903068	22109712	1	1	False	False	False	True	True
diploid	chr17	25417545	79925460	1	1	False	False	False	True	True
diploid	chr18	132649	15460897	1	1	False	False	False	True	True
diploid	chr18	18460899	78017128	1	1	False	False	False	True	True
diploid	chr19	249357	24399717	1	1	False	False	False	True	True
diploid	chr19	27741196	43167860	1	1	False	False	False	True	True
diploid	chr19	43833506	59097308	1	1	False	False	False	True	True
diploid	chr20	20000786	25599560	1	1	False	False	False	False	True
diploid	chr20	29420551	62955706	1	1	False	False	False	False	True
diploid	chr21	15309979	39845030	1	1	False	False	False	True	True
diploid	chr21	39845940	42870522	1	1	False	False	False	False	True
diploid	chr21	42875652	48101335	1	1	False	False	False	True	True
diploid	chr22	16628768	49997909	1	1	False	False	False	True	True
internal_1	chr1	762601	121350213	1	1	False	False	False	True	True
internal_1	chr1	145557808	146636772	1	1	False	False	False	False	False
internal_1	chr1	147195469	150223285	1	1	False	False	False	False	False
internal_1	chr1	151698793	152737228	1	1	False	False	False	False	False
internal_1	chr1	155182164	169739222	1	1	False	False	False	True	True
internal_1	chr1	170782472	179664188	1	1	False	False	False	True	True
internal_1	chr1	181086122	182264659	1	1	False	False	False	False	False
internal_1	chr1	182289483	199080141	1	1	False	False	False	True	True
internal_1	chr1	199502979	203043246	1	1	False	False	False	True	True
internal_1	chr1	203045054	204446688	1	1	False	False	False	False	False
internal_1	chr1	204785806	205878685	1	1	False	False	False	True	True
internal_1	chr1	206612038	207813834	1	1	False	False	False	False	False
internal_1	chr1	207854703	209516399	1	1	False	False	False	False	False
internal_1	chr1	209525363	217237449	1	1	False	False	False	True	True
internal_1	chr1	217242800	218389867	1	1	False	False	False	False	False
internal_1	chr1	218455803	220239640	1	1	False	False	False	False	False
internal_1	chr1	220335430	228911862	1	1	False	False	False	True	True
internal_1	chr1	229804873	230909600	1	1	False	False	False	True	True
internal_1	chr1	232970242	249222325	1	1	False	False	False	True	True
internal_1	chr2	172814	92263350	1	1	False	False	False	True	True
internal_1	chr2	95327015	96784030	1	1	False	False	False	True	True
internal_1	chr2	96820021	136269178	1	1	False	False	False	True	True
internal_1	chr2	136270765	171622510	1	1	False	False	False	True	True
internal_1	chr2	171639622	211636502	1	1	False	False	False	True	True
internal_1	chr2	212320986	242985752	1	1	False	False	False	True	True
internal_1	chr3	62759	7094776	2	1	False	False	False	False	True
internal_1	chr3	7099203	9348361	2	1	False	False	False	False	True
internal_1	chr3	9350167	12484985	0	1	False	False	False	False	True
internal_1	chr3	12639890	31218207	2	1	False	False	False	False	True
internal_1	chr3	31219954	32381015	0	1	False	False	False	False	True
internal_1	chr3	32384600	45261300	2	1	False	False	False	False	True
internal_1	chr3	45280687	48793647	0	1	False	False	False	False	True
internal_1	chr3	49570215	51362966	0	1	False	False	False	False	True
internal_1	chr3	51373150	69245454	2	1	False	False	False	False	True
internal_1	chr3	70129775	71279339	1	1	False	False	False	False	False
internal_1	chr3	72606951	90504645	2	1	False	False	False	False	True
internal_1	chr3	93505756	96677863	2	1	False	False	False	False	True
internal_1	chr3	96808689	131498662	2	1	False	False	False	False	True
internal_1	chr3	131906447	153774462	2	1	False	False	False	False	True
internal_1	chr3	154441238	197846280	2	1	False	False	False	False	True
internal_1	chr4	75893	31794178	1	1	False	False	False	True	True
internal_1	chr4	32851818	49660116	1	1	False	False	False	True	True
internal_1	chr4	52660118	79865281	1	1	False	False	False	True	True
internal_1	chr4	79870075	102178058	1	0	False	False	False	False	True
internal_1	chr4	102178892	190789029	1	1	False	False	False	True	True
internal_1	chr5	850687	46099490	1	1	False	False	False	True	True
internal_1	chr5	49441752	112998512	1	1	False	False	False	True	True
internal_1	chr5	113002396	129091339	1	1	False	False	False	False	False
internal_1	chr5	129092321	180729006	1	1	False	False	False	True	True
internal_1	chr6	147750	29140207	1	1	False	False	False	False	False
internal_1	chr6	29143063	32433057	1	1	False	False	False	False	False
internal_1	chr6	32745886	57301314	1	1	False	False	False	False	False
internal_1	chr6	57448789	58558261	2	1	True	False	False	False	False
internal_1	chr6	61939862	63266805	2	0	True	True	False	False	False
internal_1	chr6	63303391	65403789	2	0	True	True	False	False	False
internal_1	chr6	65984929	157300795	2	0	True	True	False	False	False
internal_1	chr6	157302606	170912826	2	0	True	True	False	False	False
internal_1	chr7	81237	1526534	1	1	False	False	False	False	False
internal_1	chr7	2594181	6367714	1	1	False	False	False	False	False
internal_1	chr7	6371078	7455289	1	1	False	False	False	False	False
internal_1	chr7	7462045	58053551	1	1	False	False	False	False	False
internal_1	chr7	61058365	62276972	1	1	False	False	False	False	False
internal_1	chr7	62634594	63965346	1	1	False	False	False	False	False
internal_1	chr7	64730642	65769833	1	1	False	False	False	False	False
internal_1	chr7	66765588	103213513	1	1	False	False	False	False	False
internal_1	chr7	103228457	107133166	1	1	False	False	False	False	False
internal_1	chr7	107134828	117576675	1	1	False	False	False	False	False
internal_1	chr7	117745213	119889146	1	1	False	False	False	False	False
internal_1	chr7	120367739	121677000	1	1	False	False	False	False	False
internal_1	chr7	123162050	124303640	1	1	False	False	False	False	False
internal_1	chr7	126331987	127482600	1	1	False	False	False	False	False
internal_1	chr7	127786919	130577079	1	1	False	False	False	False	False
internal_1	chr7	131844750	133744637	1	1	False	False	False	False	False
internal_1	chr7	133949345	135731979	1	1	False	False	False	False	False
internal_1	chr7	135736143	137542900	1	1	False	False	False	False	False
internal_1	chr7	138856549	141104385	1	1	False	False	False	False	False
internal_1	chr7	141697754	142939829	1	1	False	False	False	False	False
internal_1	chr7	145710748	148086718	1	1	False	False	False	False	False
internal_1	chr7	150000008	151172210	1	1	False	False	False	False	False
internal_1	chr7	151177134	156185042	1	1	False	False	False	False	False
internal_1	chr7	156332415	159127195	1	1	False	False	False	False	False
internal_1	chr8	162134	1597576	1	0	False	False	False	False	True
internal_1	chr8	1603117	8880515	1	0	False	False	False	False	True
internal_1	chr8	8880818	13828631	1	0	False	False	False	False	True
internal_1	chr8	13830193	37404478	1	0	False	False	False	False	True
internal_1	chr8	46858994	48708742	1	1	False	False	False	False	False
internal_1	chr8	48714335	49860832	1	1	False	False	False	False	False
internal_1	chr8	49870835	64593001	1	1	False	False	False	False	False
internal_1	chr8	64675957	76509960	1	1	False	False	False	False	False
internal_1	chr8	78272419	79277739	1	1	False	False	False	False	False
internal_1	chr8	79279337	146301295	1	1	False	False	False	False	False
internal_1	chr9	205168	2062429	1	1	False	False	False	False	False
internal_1	chr9	2066854	14882998	1	1	False	False	False	False	False
internal_1	chr9	14896900	29431404	1	1	False	False	False	False	False
internal_1	chr9	29431762	38773739	1	1	False	False	False	False	False
internal_1	chr9	71032984	79836406	1	1	False	False	False	False	False
internal_1	chr9	79839847	81210029	1	1	False	False	False	False	False
internal_1	chr9	81239018	101595280	1	1	False	False	False	False	False
internal_1	chr9	101632768	141069765	1	1	False	False	False	False	False
internal_1	chr10	90127	39254934	1	1	False	False	False	True	True
internal_1	chr10	42254936	108518084	1	1	False	False	False	True	True
internal_1	chr10	108958853	135235890	1	1	False	False	False	True	True
internal_1	chr11	199911	33765897	1	1	False	False	False	True	True
internal_1	chr11	33766495	36722371	1	0	False	False	False	False	True
internal_1	chr11	36723455	46702608	1	1	False	False	False	True	True
internal_1	chr11	47453722	51202412	1	1	False	False	False	True	True
internal_1	chr11	54800157	134935281	1	1	False	False	False	True	True
internal_1	chr12	188197	34856693	1	1	False	False	False	True	True
internal_1	chr12	37856695	55174895	1	1	False	False	False	True	True
internal_1	chr12	55499266	57890319	1	1	False	False	False	True	True
internal_1	chr12	57904997	58941561	1	1	False	False	False	True	True
internal_1	chr12	58963944	62729782	1	1	False	False	False	True	True
internal_1	chr12	62730305	66423323	1	0	False	False	False	False	True
internal_1	chr12	66457909	133839356	1	1	False	False	False	True	True
internal_1	chr13	19449788	33259007	1	1	False	False	False	True	True
internal_1	chr13	33260787	39194178	1	0	False	False	False	False	True
internal_1	chr13	39985230	76088638	1	0	False	False	False	False	True
internal_1	chr13	76097391	93014553	1	1	False	False	False	True	True
internal_1	chr13	93049119	97813500	1	0	False	False	False	False	True
internal_1	chr13	97816159	112992192	1	1	False	False	False	True	True
internal_1	chr13	112998223	114999838	1	1	False	False	False	True	True
internal_1	chr14	20425051	107289436	1	1	False	False	False	False	False
internal_1	chr15	22765381	102429049	1	1	False	False	False	True	True
internal_1	chr16	91423	35335800	1	1	False	False	False	True	True
internal_1	chr16	38335802	63351897	1	1	False	False	False	True	True
internal_1	chr16	63355102	89990843	1	1	False	False	False	True	True
internal_1	chr17	1397	5490362	1	1	False	False	False	True	True
internal_1	chr17	5522756	17128156	1	0	False	False	False	False	True
internal_1	chr17	17130237	18289210	1	1	False	False	False	True	True
internal_1	chr17	18782865	20901485	1	0	False	False	False	False	True
internal_1	chr17	20903068	22109712	1	1	False	False	False	True	True
internal_1	chr17	25417545	79925460	1	1	False	False	False	True	True
internal_1	chr18	132649	15460897	1	1	False	False	False	True	True
internal_1	chr18	18460899	78017128	1	1	False	False	False	True	True
internal_1	chr19	249357	24399717	1	1	False	False	False	True	True
internal_1	chr19	27741196	43167860	1	1	False	False	False	True	True
internal_1	chr19	43833506	59097308	1	1	False	False	False	True	True
internal_1	chr20	20000786	25599560	1	0	False	False	False	False	True
internal_1	chr20	29420551	62955706	1	2	False	False	False	False	True
internal_1	chr21	15309979	39845030	1	1	False	False	False	True	True
internal_1	chr21	39845940	42870522	1	0	False	False	False	False	True
internal_1	chr21	42875652	48101335	1	1	False	False	False	True	True
internal_1	chr22	16628768	49997909	1	1	False	False	False	True	True
internal_2	chr1	762601	121350213	1	1	False	False	False	True	True
internal_2	chr1	145557808	146636772	1	1	False	False	False	False	False
internal_2	chr1	147195469	150223285	1	1	False	False	False	False	False
internal_2	chr1	151698793	152737228	1	1	False	False	False	False	False
internal_2	chr1	155182164	169739222	1	1	False	False	False	True	True
internal_2	chr1	170782472	179664188	1	1	False	False	False	True	True
internal_2	chr1	181086122	182264659	1	1	False	False	False	False	False
internal_2	chr1	182289483	199080141	1	1	False	False	False	True	True
internal_2	chr1	199502979	203043246	1	1	False	False	False	True	True
internal_2	chr1	203045054	204446688	1	1	False	False	False	False	False
internal_2	chr1	204785806	205878685	1	1	False	False	False	True	True
internal_2	chr1	206612038	207813834	1	1	False	False	False	False	False
internal_2	chr1	207854703	209516399	1	1	False	False	False	False	False
internal_2	chr1	209525363	217237449	1	1	False	False	False	True	True
internal_2	chr1	217242800	218389867	1	1	False	False	False	False	False
internal_2	chr1	218455803	220239640	1	1	False	False	False	False	False
internal_2	chr1	220335430	228911862	1	1	False	False	False	True	True
internal_2	chr1	229804873	230909600	1	1	False	False	False	True	True
internal_2	chr1	232970242	249222325	1	1	False	False	False	True	True
internal_2	chr2	172814	92263350	1	1	False	False	False	True	True
internal_2	chr2	95327015	96784030	1	1	False	False	False	True	True
internal_2	chr2	96820021	136269178	1	1	False	False	False	True	True
internal_2	chr2	136270765	171622510	1	1	False	False	False	True	True
internal_2	chr2	171639622	211636502	1	1	False	False	False	True	True
internal_2	chr2	212320986	242985752	1	1	False	False	False	True	True
internal_2	chr3	62759	7094776	2	1	True	False	False	False	True
internal_2	chr3	7099203	9348361	2	1	True	False	False	False	True
internal_2	chr3	9350167	12484985	0	1	False	True	False	False	True
internal_2	chr3	12639890	31218207	2	1	True	False	False	False	True
internal_2	chr3	31219954	32381015	0	1	False	True	False	False	True
internal_2	chr3	32384600	45261300	2	1	True	False	False	False	True
internal_2	chr3	45280687	48793647	0	1	False	True	False	False	True
internal_2	chr3	49570215	51362966	0	1	False	True	False	False	True
internal_2	chr3	51373150	69245454	2	1	True	False	False	False	True
internal_2	chr3	70129775	71279339	1	1	False	False	False	False	False
internal_2	chr3	72606951	90504645	2	1	True	False	False	False	True
internal_2	chr3	93505756	96677863	2	1	True	False	False	False	True
internal_2	chr3	96808689	131498662	2	1	True	False	False	False	True
internal_2	chr3	131906447	153774462	2	1	True	False	False	False	True
internal_2	chr3	154441238	197846280	2	1	True	False	False	False	True
internal_2	chr4	75893	31794178	1	1	False	False	False	True	True
internal_2	chr4	32851818	49660116	1	1	False	False	False	True	True
internal_2	chr4	52660118	79865281	1	1	False	False	False	True	True
internal_2	chr4	79870075	102178058	1	0	False	True	False	False	True
internal_2	chr4	102178892	190789029	1	1	False	False	False	True	True
internal_2	chr5	850687	46099490	1	1	False	False	False	True	True
internal_2	chr5	49441752	112998512	1	1	False	False	False	True	True
internal_2	chr5	113002396	129091339	1	1	False	False	False	False	False
internal_2	chr5	129092321	180729006	1	1	False	False	False	True	True
internal_2	chr6	147750	29140207	1	1	False	False	False	False	False
internal_2	chr6	29143063	32433057	1	1	False	False	False	False	False
internal_2	chr6	32745886	57301314	1	1	False	False	False	False	False
internal_2	chr6	57448789	58558261	1	1	False	False	False	False	False
internal_2	chr6	61939862	63266805	1	1	False	False	False	False	False
internal_2	chr6	63303391	65403789	1	1	False	False	False	False	False
internal_2	chr6	65984929	157300795	1	1	False	False	False	False	False
internal_2	chr6	157302606	170912826	1	1	False	False	False	False	False
internal_2	chr7	81237	1526534	1	1	False	False	False	False	False
internal_2	chr7	2594181	6367714	1	1	False	False	False	False	False
internal_2	chr7	6371078	7455289	1	1	False	False	False	False	False
internal_2	chr7	7462045	58053551	1	1	False	False	False	False	False
internal_2	chr7	61058365	62276972	1	1	False	False	False	False	False
internal_2	chr7	62634594	63965346	1	1	False	False	False	False	False
internal_2	chr7	64730642	65769833	1	1	False	False	False	False	False
internal_2	chr7	66765588	103213513	1	1	False	False	False	False	False
internal_2	chr7	103228457	107133166	1	1	False	False	False	False	False
internal_2	chr7	107134828	117576675	1	1	False	False	False	False	False
internal_2	chr7	117745213	119889146	1	1	False	False	False	False	False
internal_2	chr7	120367739	121677000	1	1	False	False	False	False	False
internal_2	chr7	123162050	124303640	1	1	False	False	False	False	False
internal_2	chr7	126331987	127482600	1	1	False	False	False	False	False
internal_2	chr7	127786919	130577079	1	1	False	False	False	False	False
internal_2	chr7	131844750	133744637	1	1	False	False	False	False	False
internal_2	chr7	133949345	135731979	1	1	False	False	False	False	False
internal_2	chr7	135736143	137542900	1	1	False	False	False	False	False
internal_2	chr7	138856549	141104385	1	1	False	False	False	False	False
internal_2	chr7	141697754	142939829	1	1	False	False	False	False	False
internal_2	chr7	145710748	148086718	1	1	False	False	False	False	False
internal_2	chr7	150000008	151172210	1	1	False	False	False	False	False
internal_2	chr7	151177134	156185042	1	1	False	False	False	False	False
internal_2	chr7	156332415	159127195	1	1	False	False	False	False	False
internal_2	chr8	162134	1597576	1	0	False	True	False	False	True
internal_2	chr8	1603117	8880515	1	0	False	True	False	False	True
internal_2	chr8	8880818	13828631	1	0	False	True	False	False	True
internal_2	chr8	13830193	37404478	1	0	False	True	False	False	True
internal_2	chr8	46858994	48708742	1	1	False	False	False	False	False
internal_2	chr8	48714335	49860832	1	1	False	False	False	False	False
internal_2	chr8	49870835	64593001	1	1	False	False	False	False	False
internal_2	chr8	64675957	76509960	1	1	False	False	False	False	False
internal_2	chr8	78272419	79277739	1	1	False	False	False	False	False
internal_2	chr8	79279337	146301295	1	1	False	False	False	False	False
internal_2	chr9	205168	2062429	1	1	False	False	False	False	False
internal_2	chr9	2066854	14882998	1	1	False	False	False	False	False
internal_2	chr9	14896900	29431404	1	1	False	False	False	False	False
internal_2	chr9	29431762	38773739	1	1	False	False	False	False	False
internal_2	chr9	71032984	79836406	1	1	False	False	False	False	False
internal_2	chr9	79839847	81210029	1	1	False	False	False	False	False
internal_2	chr9	81239018	101595280	1	1	False	False	False	False	False
internal_2	chr9	101632768	141069765	1	1	False	False	False	False	False
internal_2	chr10	90127	39254934	1	1	False	False	False	True	True
internal_2	chr10	42254936	108518084	1	1	False	False	False	True	True
internal_2	chr10	108958853	135235890	1	1	False	False	False	True	True
internal_2	chr11	199911	33765897	1	1	False	False	False	True	True
internal_2	chr11	33766495	36722371	1	0	False	True	False	False	True
internal_2	chr11	36723455	46702608	1	1	False	False	False	True	True
internal_2	chr11	47453722	51202412	1	1	False	False	False	True	True
internal_2	chr11	54800157	134935281	1	1	False	False	False	True	True
internal_2	chr12	188197	34856693	1	1	False	False	False	True	True
internal_2	chr12	37856695	55174895	1	1	False	False	False	True	True
internal_2	chr12	55499266	57890319	1	1	False	False	False	True	True
internal_2	chr12	57904997	58941561	1	1	False	False	False	True	True
internal_2	chr12	58963944	62729782	1	1	False	False	False	True	True
internal_2	chr12	62730305	66423323	1	0	False	True	False	False	True
internal_2	chr12	66457909	133839356	1	1	False	False	False	True	True
internal_2	chr13	19449788	33259007	1	1	False	False	False	True	True
internal_2	chr13	33260787	39194178	1	0	False	True	False	False	True
internal_2	chr13	39985230	76088638	1	0	False	True	False	False	True
internal_2	chr13	76097391	93014553	1	1	False	False	False	True	True
internal_2	chr13	93049119	97813500	1	0	False	True	False	False	True
internal_2	chr13	97816159	112992192	1	1	False	False	False	True	True
internal_2	chr13	112998223	114999838	1	1	False	False	False	True	True
internal_2	chr14	20425051	107289436	1	1	False	False	False	False	False
internal_2	chr15	22765381	102429049	1	1	False	False	False	True	True
internal_2	chr16	91423	35335800	1	1	False	False	False	True	True
internal_2	chr16	38335802	63351897	1	1	False	False	False	True	True
internal_2	chr16	63355102	89990843	1	1	False	False	False	True	True
internal_2	chr17	1397	5490362	1	1	False	False	False	True	True
internal_2	chr17	5522756	17128156	1	0	False	True	False	False	True
internal_2	chr17	17130237	18289210	1	1	False	False	False	True	True
internal_2	chr17	18782865	20901485	1	0	False	True	False	False	True
internal_2	chr17	20903068	22109712	1	1	False	False	False	True	True
internal_2	chr17	25417545	79925460	1	1	False	False	False	True	True
internal_2	chr18	132649	15460897	1	1	False	False	False	True	True
internal_2	chr18	18460899	78017128	1	1	False	False	False	True	True
internal_2	chr19	249357	24399717	1	1	False	False	False	True	True
internal_2	chr19	27741196	43167860	1	1	False	False	False	True	True
internal_2	chr19	43833506	59097308	1	1	False	False	False	True	True
internal_2	chr20	20000786	25599560	1	0	False	True	False	False	True
internal_2	chr20	29420551	62955706	1	2	True	False	False	False	True
internal_2	chr21	15309979	39845030	1	1	False	False	False	True	True
internal_2	chr21	39845940	42870522	1	0	False	True	False	False	True
internal_2	chr21	42875652	48101335	1	1	False	False	False	True	True
internal_2	chr22	16628768	49997909	1	1	False	False	False	True	True
